RunID,Metric,Value (%)
20260717_140101_781928,Accuracy,85.18518518518519
20260717_140101_781928,Precision,82.49433106575965
20260717_140101_781928,Recall,85.8974358974359
20260717_140101_781928,F1-score,83.29420657151749
