Metric,Value (%)
Accuracy,96.11650485436894
Precision,96.30102040816327
Recall,96.12244897959185
F1-score,96.08854887895093
