Metric,Value (%)
Accuracy,91.2621359223301
Precision,91.30102040816327
Recall,91.29251700680273
F1-score,91.04801925714051
