Metric,Value (%)
Accuracy,96.11650485436894
Precision,96.22252747252747
Recall,96.05442176870748
F1-score,96.01426629235306
