Metric,Value (%)
Accuracy,95.14563106796116
Precision,95.35714285714285
Recall,95.17006802721089
F1-score,95.13957307060757
